Location, Size, Price, Mortgage (Monthly), , , Listing Link
250 N Bishop Ave #25 Mill Hill  Bridgeport  CT,638 sqft,$33250,490,,,https://www.trulia.com/p/ct/bridgeport/250-n-bishop-ave-25-bridgeport-ct-06610--2088483019
315 Granfield Ave #12A Mill Hill  Bridgeport  CT,401 sqft,$29900,569,,,https://www.trulia.com/p/ct/bridgeport/315-granfield-ave-12a-bridgeport-ct-06610--2427296653
393 Laurel Ave #405 West Side/ West End  Bridgeport  CT,703 sqft,$75000,651,,,https://www.trulia.com/p/ct/bridgeport/393-laurel-ave-405-bridgeport-ct-06605--2005423193
393 Laurel Ave #201 West Side/ West End  Bridgeport  CT,689 sqft,$80000,675,,,https://www.trulia.com/p/ct/bridgeport/393-laurel-ave-201-bridgeport-ct-06605--2005423160
393 Laurel Ave #201 West Side/ West End  Bridgeport  CT,689 sqft,$80000,675,,,https://www.trulia.com/p/ct/bridgeport/393-laurel-ave-201-bridgeport-ct-06605--2005423160
103 Douglas St Resevoir  Bridgeport  CT,896 sqft,$129900,690,,,https://www.trulia.com/p/ct/bridgeport/103-douglas-st-bridgeport-ct-06606--2005425578
403 Granfield Ave #B Mill Hill  Bridgeport  CT,625 sqft,$25000,726,,,https://www.trulia.com/p/ct/bridgeport/403-granfield-ave-b-bridgeport-ct-06610--2005450516
905 South Ave South End  Bridgeport  CT,600 sqft,$59900,740,,,https://www.trulia.com/p/ct/bridgeport/905-south-ave-bridgeport-ct-06604--2005419521
250 N Bishop Ave #39 Mill Hill  Bridgeport  CT,638 sqft,$89900,758,,,https://www.trulia.com/p/ct/bridgeport/250-n-bishop-ave-39-bridgeport-ct-06610--2088483034
44 Nob Hill Cir #D Bridgeport  CT,650 sqft,$82000,772,,,https://www.trulia.com/p/ct/bridgeport/44-nob-hill-cir-d-bridgeport-ct-06610--2005450802
44 Nob Hill Cir #D Bridgeport  CT,650 sqft,$82000,772,,,https://www.trulia.com/p/ct/bridgeport/44-nob-hill-cir-d-bridgeport-ct-06610--2005450802
174 Pixlee Pl Mill Hill  Bridgeport  CT,3 283 sqft,$149000,780,,,https://www.trulia.com/p/ct/bridgeport/174-pixlee-pl-bridgeport-ct-06610--2005448061
334 Dover St Mill Hill  Bridgeport  CT,1 124 sqft,$155000,809,,,https://www.trulia.com/p/ct/bridgeport/334-dover-st-bridgeport-ct-06610--2005449957
1791 E Main St Bridgeport  CT,1 196 sqft,$159000,828,,,https://www.trulia.com/p/ct/bridgeport/1791-e-main-st-bridgeport-ct-06610--2088482870
2600 Park Ave #7G Brooklawn/ St. Vincent's  Bridgeport  CT,580 sqft,$95000,828,,,https://www.trulia.com/p/ct/bridgeport/2600-park-ave-7g-bridgeport-ct-06604--2005415815
1791 E Main St Bridgeport  CT,1 196 sqft,$159000,828,,,https://www.trulia.com/p/ct/bridgeport/1791-e-main-st-bridgeport-ct-06610--2088482870
66 Washington Ter Hollow  Bridgeport  CT,2 155 sqft,$159900,832,,,https://www.trulia.com/p/ct/bridgeport/66-washington-ter-bridgeport-ct-06604--2005418625
277 East Ave Mill Hill  Bridgeport  CT,1 227 sqft,$164000,852,,,https://www.trulia.com/p/ct/bridgeport/277-east-ave-bridgeport-ct-06610--1002234738
277 East Ave Mill Hill  Bridgeport  CT,1 227 sqft,$164000,852,,,https://www.trulia.com/p/ct/bridgeport/277-east-ave-bridgeport-ct-06610--1002234738
1157 Ogden Street Ext Mill Hill  Bridgeport  CT,1 032 sqft,$165000,856,,,https://www.trulia.com/p/ct/bridgeport/1157-ogden-street-ext-bridgeport-ct-06610--2005446648
245 Success Ave #13 Mill Hill  Bridgeport  CT,800 sqft,$50000,861,,,https://www.trulia.com/p/ct/bridgeport/245-success-ave-13-bridgeport-ct-06610--2538719427
724 Brooks St Bridgeport  CT,840 sqft,$169900,879,,,https://www.trulia.com/p/ct/bridgeport/724-brooks-st-bridgeport-ct-06608--1007127236
724 Brooks St Bridgeport  CT,840 sqft,$169900,879,,,https://www.trulia.com/p/ct/bridgeport/724-brooks-st-bridgeport-ct-06608--1007127236
727 Boston Ave #727 Bridgeport  CT,1 100 sqft,$128000,880,,,https://www.trulia.com/p/ct/bridgeport/727-boston-ave-727-bridgeport-ct-06610--2183602010
483 Success Ave #BLD75 Mill Hill  Bridgeport  CT,675 sqft,$54900,884,,,https://www.trulia.com/p/ct/bridgeport/483-success-ave-bld75-bridgeport-ct-06610--2545150525
34 Court C #74 Bridgeport  CT,622 sqft,$59000,904,,,https://www.trulia.com/p/ct/bridgeport/34-court-c-74-bridgeport-ct-06610--2522139763
34 Court C #74 Bridgeport  CT,622 sqft,$59000,904,,,https://www.trulia.com/p/ct/bridgeport/34-court-c-74-bridgeport-ct-06610--2522139763
349 Court D #48 Mill Hill  Bridgeport  CT,643 sqft,$60000,910,,,https://www.trulia.com/p/ct/bridgeport/349-court-d-48-bridgeport-ct-06610--2549011483
349 Court D #48 Mill Hill  Bridgeport  CT,643 sqft,$60000,910,,,https://www.trulia.com/p/ct/bridgeport/349-court-d-48-bridgeport-ct-06610--2549011483
112 Glenwood Ave #112 Bridgeport  CT,700 sqft,$140000,913,,,https://www.trulia.com/p/ct/bridgeport/112-glenwood-ave-112-bridgeport-ct-06610--2173259556
4 Forest Ct South End  Bridgeport  CT,750 sqft,$97000,920,,,https://www.trulia.com/p/ct/bridgeport/4-forest-ct-bridgeport-ct-06604--2427293806
270 East Ave Mill Hill  Bridgeport  CT,1 645 sqft,$178500,920,,,https://www.trulia.com/p/ct/bridgeport/270-east-ave-bridgeport-ct-06610--2005449348
45 Sunshine Cir Resevoir  Bridgeport  CT,2 944 sqft,$180000,928,,,https://www.trulia.com/p/ct/bridgeport/45-sunshine-cir-bridgeport-ct-06606--2005435829
295 N Bishop Ave #12 Mill Hill  Bridgeport  CT,738 sqft,$59900,935,,,https://www.trulia.com/p/ct/bridgeport/295-n-bishop-ave-12-bridgeport-ct-06610--2463133710
295 N Bishop Ave #12 Mill Hill  Bridgeport  CT,738 sqft,$59900,935,,,https://www.trulia.com/p/ct/bridgeport/295-n-bishop-ave-12-bridgeport-ct-06610--2463133710
80 Oakview Cir #203 Hollow  Bridgeport  CT,715 sqft,$119000,943,,,https://www.trulia.com/p/ct/bridgeport/80-oakview-cir-203-bridgeport-ct-06604--2005419124
368 Connecticut Ave #10 East End  Bridgeport  CT,870 sqft,$160000,957,,,https://www.trulia.com/p/ct/bridgeport/368-connecticut-ave-10-bridgeport-ct-06607--2005442255
219 6th St East End  Bridgeport  CT,1 452 sqft,$189000,969,,,https://www.trulia.com/p/ct/bridgeport/219-6th-st-bridgeport-ct-06607--1062097145
1 Wallace Ct West Side/ West End  Bridgeport  CT,1 122 sqft,$189000,969,,,https://www.trulia.com/p/ct/bridgeport/1-wallace-ct-bridgeport-ct-06605--2005421602
243 Jefferson St East End  Bridgeport  CT,851 sqft,$189900,974,,,https://www.trulia.com/p/ct/bridgeport/243-jefferson-st-bridgeport-ct-06607--2005441837
105 Court D #32 Mill Hill  Bridgeport  CT,800 sqft,$78000,994,,,https://www.trulia.com/p/ct/bridgeport/105-court-d-32-bridgeport-ct-06610--2428599563
127 Court D #33 Mill Hill  Bridgeport  CT,692 sqft,$75000,1000,,,https://www.trulia.com/p/ct/bridgeport/127-court-d-33-bridgeport-ct-06610--2543269410
2625 Park Ave #15R Brooklawn/ St. Vincent's  Bridgeport  CT,677 sqft,$100000,1005,,,https://www.trulia.com/p/ct/bridgeport/2625-park-ave-15r-bridgeport-ct-06604--2005416065
462 Glendale Ave #13 North End  Bridgeport  CT,781 sqft,$149900,1007,,,https://www.trulia.com/p/ct/bridgeport/462-glendale-ave-13-bridgeport-ct-06606--2005435860
2768 Madison Ave #2A North End  Bridgeport  CT,850 sqft,$129900,1010,,,https://www.trulia.com/p/ct/bridgeport/2768-madison-ave-2a-bridgeport-ct-06606--2005431780
2768 Madison Ave #2A North End  Bridgeport  CT,850 sqft,$129900,1010,,,https://www.trulia.com/p/ct/bridgeport/2768-madison-ave-2a-bridgeport-ct-06606--2005431780
3006 Madison Ave #D North End  Bridgeport  CT,739 sqft,$139900,1020,,,https://www.trulia.com/p/ct/bridgeport/3006-madison-ave-d-bridgeport-ct-06606--2005432436
141 Union Ave #10 East End  Bridgeport  CT,1 100 sqft,$65000,1021,,,https://www.trulia.com/p/ct/bridgeport/141-union-ave-10-bridgeport-ct-06607--2286797013
141 Union Ave #10 East End  Bridgeport  CT,1 100 sqft,$65000,1021,,,https://www.trulia.com/p/ct/bridgeport/141-union-ave-10-bridgeport-ct-06607--2286797013
110 Glenwood Ave #110 Bridgeport  CT,700 sqft,$159900,1022,,,https://www.trulia.com/p/ct/bridgeport/110-glenwood-ave-110-bridgeport-ct-06610--2183960171
127 Kennedy Dr #127 North End  Bridgeport  CT,1 023 sqft,$139000,1022,,,https://www.trulia.com/p/ct/bridgeport/127-kennedy-dr-127-bridgeport-ct-06606--2177852663
325 Lafayette St #4305 South End  Bridgeport  CT,936 sqft,$125000,1026,,,https://www.trulia.com/p/ct/bridgeport/325-lafayette-st-4305-bridgeport-ct-06604--2005416974
21 Kennedy Dr #21 North End  Bridgeport  CT,1 023 sqft,$150000,1049,,,https://www.trulia.com/p/ct/bridgeport/21-kennedy-dr-21-bridgeport-ct-06606--2190889272
60 Pleasant St Bridgeport  CT,1 912 sqft,$210000,1069,,,https://www.trulia.com/p/ct/bridgeport/60-pleasant-st-bridgeport-ct-06608--2005445410
79 Kennedy Dr #79 North End  Bridgeport  CT,1 023 sqft,$149900,1075,,,https://www.trulia.com/p/ct/bridgeport/79-kennedy-dr-79-bridgeport-ct-06606--2190949499
1116 State St #1116 West Side/ West End  Bridgeport  CT,1 250 sqft,$179900,1076,,,https://www.trulia.com/p/ct/bridgeport/1116-state-st-1116-bridgeport-ct-06605--2192289927
1116 State St #1116 West Side/ West End  Bridgeport  CT,1 250 sqft,$179900,1076,,,https://www.trulia.com/p/ct/bridgeport/1116-state-st-1116-bridgeport-ct-06605--2192289927
1116 State St #1116 West Side/ West End  Bridgeport  CT,1 250 sqft,$179900,1076,,,https://www.trulia.com/p/ct/bridgeport/1116-state-st-1116-bridgeport-ct-06605--2192289927
390 Charles St #218 Brooklawn/ St. Vincent's  Bridgeport  CT,920 sqft,$153000,1084,,,https://www.trulia.com/p/ct/bridgeport/390-charles-st-218-bridgeport-ct-06606--2005434682
995 Capitol Ave #C Brooklawn/ St. Vincent's  Bridgeport  CT,857 sqft,$169000,1090,,,https://www.trulia.com/p/ct/bridgeport/995-capitol-ave-c-bridgeport-ct-06606--2005440532
120 Huntington Tpke #302 West Side/ West End  Bridgeport  CT,986 sqft,$134900,1095,,,https://www.trulia.com/p/ct/bridgeport/120-huntington-tpke-302-bridgeport-ct-06610--2005446828
81 Cherry Hill Dr #1B North End  Bridgeport  CT,850 sqft,$149900,1105,,,https://www.trulia.com/p/ct/bridgeport/81-cherry-hill-dr-1b-bridgeport-ct-06606--2005439463
90 Hillcrest Rd Resevoir  Bridgeport  CT,1 152 sqft,$217750,1105,,,https://www.trulia.com/p/ct/bridgeport/90-hillcrest-rd-bridgeport-ct-06606--1065303093
81 Cherry Hill Dr #1B North End  Bridgeport  CT,850 sqft,$149900,1105,,,https://www.trulia.com/p/ct/bridgeport/81-cherry-hill-dr-1b-bridgeport-ct-06606--2005439463
110 Benson St Brooklawn/ St. Vincent's  Bridgeport  CT,780 sqft,$219000,1112,,,https://www.trulia.com/p/ct/bridgeport/110-benson-st-bridgeport-ct-06606--1007127323
29 Sidney St Brooklawn/ St. Vincent's  Bridgeport  CT,1 296 sqft,$224900,1139,,,https://www.trulia.com/p/ct/bridgeport/29-sidney-st-bridgeport-ct-06606--2005432375
1030 Pembroke St Bridgeport  CT,1 148 sqft,$225000,1140,,,https://www.trulia.com/p/ct/bridgeport/1030-pembroke-st-bridgeport-ct-06608--2005443314
1030 Pembroke St Bridgeport  CT,1 148 sqft,$225000,1140,,,https://www.trulia.com/p/ct/bridgeport/1030-pembroke-st-bridgeport-ct-06608--2005443314
28 Tully Cir Bridgeport  CT,940 sqft,$225000,1140,,,https://www.trulia.com/p/ct/bridgeport/28-tully-cir-bridgeport-ct-06610--2005449523
270 Lexington Ave Hollow  Bridgeport  CT,2 790 sqft,$225000,1140,,,https://www.trulia.com/p/ct/bridgeport/270-lexington-ave-bridgeport-ct-06604--1006244609
270 Lexington Ave Hollow  Bridgeport  CT,2 790 sqft,$225000,1140,,,https://www.trulia.com/p/ct/bridgeport/270-lexington-ave-bridgeport-ct-06604--1006244609
1030 Pembroke St Bridgeport  CT,1 148 sqft,$225000,1140,,,https://www.trulia.com/p/ct/bridgeport/1030-pembroke-st-bridgeport-ct-06608--2005443314
390 Charles St #119 Brooklawn/ St. Vincent's  Bridgeport  CT,930 sqft,$154000,1142,,,https://www.trulia.com/p/ct/bridgeport/390-charles-st-119-bridgeport-ct-06606--2005434664
390 Charles St #119 Brooklawn/ St. Vincent's  Bridgeport  CT,930 sqft,$154000,1142,,,https://www.trulia.com/p/ct/bridgeport/390-charles-st-119-bridgeport-ct-06606--2005434664
199 Cherry Hill Dr #2A North End  Bridgeport  CT,850 sqft,$159999,1152,,,https://www.trulia.com/p/ct/bridgeport/199-cherry-hill-dr-2a-bridgeport-ct-06606--2005429659
199 Cherry Hill Dr #2A North End  Bridgeport  CT,850 sqft,$159999,1152,,,https://www.trulia.com/p/ct/bridgeport/199-cherry-hill-dr-2a-bridgeport-ct-06606--2005429659
2625 Park Ave #2B Brooklawn/ St. Vincent's  Bridgeport  CT,823 sqft,$129000,1157,,,https://www.trulia.com/p/ct/bridgeport/2625-park-ave-2b-bridgeport-ct-06604--2005416079
480 East Ave Mill Hill  Bridgeport  CT,1 252 sqft,$229900,1164,,,https://www.trulia.com/p/ct/bridgeport/480-east-ave-bridgeport-ct-06610--2005450933
2625 Park Ave #5B Brooklawn/ St. Vincent's  Bridgeport  CT,823 sqft,$135000,1167,,,https://www.trulia.com/p/ct/bridgeport/2625-park-ave-5b-bridgeport-ct-06604--2005416127
48 Yarrington Ct East End  Bridgeport  CT,1 187 sqft,$185000,1176,,,https://www.trulia.com/p/ct/bridgeport/48-yarrington-ct-bridgeport-ct-06607--2005442556
2812 Madison Ave #2A North End  Bridgeport  CT,850 sqft,$164999,1176,,,https://www.trulia.com/p/ct/bridgeport/2812-madison-ave-2a-bridgeport-ct-06606--2005431909
78 Rowsley St #3 Black Rock  Bridgeport  CT,750 sqft,$134900,1195,,,https://www.trulia.com/p/ct/bridgeport/78-rowsley-st-3-bridgeport-ct-06605--2206828785
92 Grant St Mill Hill  Bridgeport  CT,1 063 sqft,$239000,1207,,,https://www.trulia.com/p/ct/bridgeport/92-grant-st-bridgeport-ct-06610--2005452377
228 Deforest Ave East End  Bridgeport  CT,1 661 sqft,$239900,1211,,,https://www.trulia.com/p/ct/bridgeport/228-deforest-ave-bridgeport-ct-06607--2005441766
333 Vincellette St #54 North End  Bridgeport  CT,1 184 sqft,$165000,1230,,,https://www.trulia.com/p/ct/bridgeport/333-vincellette-st-54-bridgeport-ct-06606--2005433429
168 Pixlee Pl Mill Hill  Bridgeport  CT,1 156 sqft,$245000,1235,,,https://www.trulia.com/p/ct/bridgeport/168-pixlee-pl-bridgeport-ct-06610--2005447913
55 Nash Ln #6 Black Rock  Bridgeport  CT,750 sqft,$144900,1242,,,https://www.trulia.com/p/ct/bridgeport/55-nash-ln-6-bridgeport-ct-06605--2005423896
333 Vincellette St #58 North End  Bridgeport  CT,1 152 sqft,$169900,1245,,,https://www.trulia.com/p/ct/bridgeport/333-vincellette-st-58-bridgeport-ct-06606--2005433433
1 Armstrong Pl Bridgeport  CT,2 411 sqft,$249000,1254,,,https://www.trulia.com/p/ct/bridgeport/1-armstrong-pl-bridgeport-ct-06608--1010633839
95 Austin St South End  Bridgeport  CT,1 284 sqft,$249900,1258,,,https://www.trulia.com/p/ct/bridgeport/95-austin-st-bridgeport-ct-06604--2005419622
45 Palmer St North End  Bridgeport  CT,1 152 sqft,$249900,1258,,,https://www.trulia.com/p/ct/bridgeport/45-palmer-st-bridgeport-ct-06606--1063747683
679 Shelton St Bridgeport  CT,2 400 sqft,$249900,1258,,,https://www.trulia.com/p/ct/bridgeport/679-shelton-st-bridgeport-ct-06608--2005445584
95 Austin St South End  Bridgeport  CT,1 284 sqft,$249900,1258,,,https://www.trulia.com/p/ct/bridgeport/95-austin-st-bridgeport-ct-06604--2005419622
325 Lafayette St #5202 South End  Bridgeport  CT,1 050 sqft,$169000,1265,,,https://www.trulia.com/p/ct/bridgeport/325-lafayette-st-5202-bridgeport-ct-06604--2005416986
325 Lafayette St #5202 South End  Bridgeport  CT,1 050 sqft,$169000,1265,,,https://www.trulia.com/p/ct/bridgeport/325-lafayette-st-5202-bridgeport-ct-06604--2005416986
548 Queen St North End  Bridgeport  CT,1 116 sqft,$254999,1282,,,https://www.trulia.com/p/ct/bridgeport/548-queen-st-bridgeport-ct-06606--2005436961
548 Queen St North End  Bridgeport  CT,1 116 sqft,$254999,1282,,,https://www.trulia.com/p/ct/bridgeport/548-queen-st-bridgeport-ct-06606--2005436961
470 Ezra St North End  Bridgeport  CT,1 094 sqft,$259000,1301,,,https://www.trulia.com/p/ct/bridgeport/470-ezra-st-bridgeport-ct-06606--2005436011
506 Burnsford Ave North End  Bridgeport  CT,1 296 sqft,$259000,1301,,,https://www.trulia.com/p/ct/bridgeport/506-burnsford-ave-bridgeport-ct-06606--2005436456
486 Woodlawn Avenue Ext Resevoir  Bridgeport  CT,1 536 sqft,$259900,1305,,,https://www.trulia.com/p/ct/bridgeport/486-woodlawn-avenue-ext-bridgeport-ct-06606--2005436186
95 Wake St Mill Hill  Bridgeport  CT,1 646 sqft,$259900,1305,,,https://www.trulia.com/p/ct/bridgeport/95-wake-st-bridgeport-ct-06610--2124900117
46 Abner Ct #46 North End  Bridgeport  CT,1 305 sqft,$174900,1316,,,https://www.trulia.com/p/ct/bridgeport/46-abner-ct-46-bridgeport-ct-06606--2190890211
25 Lakeside Dr North End  Bridgeport  CT,1 528 sqft,$265000,1330,,,https://www.trulia.com/p/ct/bridgeport/25-lakeside-dr-bridgeport-ct-06606--2005431369
316 Benham Ave Hollow  Bridgeport  CT,2 178 sqft,$265000,1330,,,https://www.trulia.com/p/ct/bridgeport/316-benham-ave-bridgeport-ct-06604--2005416708
25 Lakeside Dr North End  Bridgeport  CT,1 528 sqft,$265000,1330,,,https://www.trulia.com/p/ct/bridgeport/25-lakeside-dr-bridgeport-ct-06606--2005431369
1011 Stratford Ave #1 East End  Bridgeport  CT,1 308 sqft,$240000,1336,,,https://www.trulia.com/p/ct/bridgeport/1011-stratford-ave-1-bridgeport-ct-06607--2005440669
1011 Stratford Ave #1 East End  Bridgeport  CT,1 308 sqft,$240000,1336,,,https://www.trulia.com/p/ct/bridgeport/1011-stratford-ave-1-bridgeport-ct-06607--2005440669
206 Cottage St West Side/ West End  Bridgeport  CT,1 841 sqft,$269000,1348,,,https://www.trulia.com/p/ct/bridgeport/206-cottage-st-bridgeport-ct-06605--1006355855
226 Houston Ave Resevoir  Bridgeport  CT,1 152 sqft,$269900,1353,,,https://www.trulia.com/p/ct/bridgeport/226-houston-ave-bridgeport-ct-06606--2005430552
464 Hollister Ave East End  Bridgeport  CT,3 176 sqft,$270000,1353,,,https://www.trulia.com/p/ct/bridgeport/464-hollister-ave-bridgeport-ct-06607--2005442504
464 Hollister Ave East End  Bridgeport  CT,3 176 sqft,$270000,1353,,,https://www.trulia.com/p/ct/bridgeport/464-hollister-ave-bridgeport-ct-06607--2005442504
129 Forestview Rd North End  Bridgeport  CT,1 144 sqft,$270000,1353,,,https://www.trulia.com/p/ct/bridgeport/129-forestview-rd-bridgeport-ct-06606--2005427139
129 Forestview Rd North End  Bridgeport  CT,1 144 sqft,$270000,1353,,,https://www.trulia.com/p/ct/bridgeport/129-forestview-rd-bridgeport-ct-06606--2005427139
226 Houston Ave Resevoir  Bridgeport  CT,1 152 sqft,$269900,1353,,,https://www.trulia.com/p/ct/bridgeport/226-houston-ave-bridgeport-ct-06606--2005430552
464 Hollister Ave East End  Bridgeport  CT,3 176 sqft,$270000,1353,,,https://www.trulia.com/p/ct/bridgeport/464-hollister-ave-bridgeport-ct-06607--2005442504
2660 North Ave #240 Brooklawn/ St. Vincent's  Bridgeport  CT,1 064 sqft,$209900,1362,,,https://www.trulia.com/p/ct/bridgeport/2660-north-ave-240-bridgeport-ct-06604--2005416288
10-12 Clinton Ave West Side/ West End  Bridgeport  CT,2 132 sqft,$275000,1377,,,https://www.trulia.com/p/ct/bridgeport/10-12-clinton-ave-bridgeport-ct-06605--2177192797
115 Caroline St Bridgeport  CT,2 406 sqft,$275000,1377,,,https://www.trulia.com/p/ct/bridgeport/115-caroline-st-bridgeport-ct-06608--2005443515
1017 Grand St Hollow  Bridgeport  CT,1 624 sqft,$275000,1377,,,https://www.trulia.com/p/ct/bridgeport/1017-grand-st-bridgeport-ct-06604--2005412618
1058 William St Bridgeport  CT,2 088 sqft,$274900,1377,,,https://www.trulia.com/p/ct/bridgeport/1058-william-st-bridgeport-ct-06608--2005443341
84 Barnum Ave Bridgeport  CT,2 150 sqft,$279000,1396,,,https://www.trulia.com/p/ct/bridgeport/84-barnum-ave-bridgeport-ct-06608--2005445952
160 Wake St Mill Hill  Bridgeport  CT,2 000 sqft,$279000,1396,,,https://www.trulia.com/p/ct/bridgeport/160-wake-st-bridgeport-ct-06610--2005447805
888 Platt St North End  Bridgeport  CT,1 152 sqft,$279000,1396,,,https://www.trulia.com/p/ct/bridgeport/888-platt-st-bridgeport-ct-06606--1019501011
397 James St Hollow  Bridgeport  CT,2 847 sqft,$279000,1396,,,https://www.trulia.com/p/ct/bridgeport/397-james-st-bridgeport-ct-06604--2005417556
194 Smith St East End  Bridgeport  CT,2 218 sqft,$279000,1396,,,https://www.trulia.com/p/ct/bridgeport/194-smith-st-bridgeport-ct-06607--2005441589
397 James St Hollow  Bridgeport  CT,2 847 sqft,$279000,1396,,,https://www.trulia.com/p/ct/bridgeport/397-james-st-bridgeport-ct-06604--2005417556
194 Smith St East End  Bridgeport  CT,2 218 sqft,$279000,1396,,,https://www.trulia.com/p/ct/bridgeport/194-smith-st-bridgeport-ct-06607--2005441589
832 Brewster St Black Rock  Bridgeport  CT,844 sqft,$279900,1400,,,https://www.trulia.com/p/ct/bridgeport/832-brewster-st-bridgeport-ct-06605--2005424848
70 Pleasantview Ave North End  Bridgeport  CT,1 072 sqft,$279900,1400,,,https://www.trulia.com/p/ct/bridgeport/70-pleasantview-ave-bridgeport-ct-06606--2005438538
382 Catherine St Hollow  Bridgeport  CT,2 005 sqft,$279900,1400,,,https://www.trulia.com/p/ct/bridgeport/382-catherine-st-bridgeport-ct-06604--1045765867
1397 Park Ave West Side/ West End  Bridgeport  CT,3 244 sqft,$280000,1400,,,https://www.trulia.com/p/ct/bridgeport/1397-park-ave-bridgeport-ct-06604--2005413543
105 Broadway North End  Bridgeport  CT,1 696 sqft,$279900,1400,,,https://www.trulia.com/p/ct/bridgeport/105-broadway-bridgeport-ct-06606--2005425720
84 Temple St Stratford  CT,2 028 sqft,$280000,1400,,,https://www.trulia.com/p/ct/stratford/84-temple-st-stratford-ct-06615--2005491820
1397 Park Ave West Side/ West End  Bridgeport  CT,3 244 sqft,$280000,1400,,,https://www.trulia.com/p/ct/bridgeport/1397-park-ave-bridgeport-ct-06604--2005413543
105 Broadway North End  Bridgeport  CT,1 696 sqft,$279900,1400,,,https://www.trulia.com/p/ct/bridgeport/105-broadway-bridgeport-ct-06606--2005425720
3200 Madison Ave #D3 North End  Bridgeport  CT,1 343 sqft,$229000,1414,,,https://www.trulia.com/p/ct/bridgeport/3200-madison-ave-d3-bridgeport-ct-06606--2326255538
3200 Madison Ave #28 North End  Bridgeport  CT,1 343 sqft,$229900,1419,,,https://www.trulia.com/p/ct/bridgeport/3200-madison-ave-28-bridgeport-ct-06606--2005432998
325 Ruth St North End  Bridgeport  CT,1 326 sqft,$285000,1424,,,https://www.trulia.com/p/ct/bridgeport/325-ruth-st-bridgeport-ct-06606--2005433178
248 Hansen Ave Black Rock  Bridgeport  CT,1 280 sqft,$285000,1424,,,https://www.trulia.com/p/ct/bridgeport/248-hansen-ave-bridgeport-ct-06605--2005422057
166 Laurel Ave West Side/ West End  Bridgeport  CT,2 694 sqft,$285000,1424,,,https://www.trulia.com/p/ct/bridgeport/166-laurel-ave-bridgeport-ct-06605--1007127706
545 Carroll Ave East End  Bridgeport  CT,2 583 sqft,$285000,1424,,,https://www.trulia.com/p/ct/bridgeport/545-carroll-ave-bridgeport-ct-06607--2005442650
111 Oakleaf St Resevoir  Bridgeport  CT,1 200 sqft,$285000,1424,,,https://www.trulia.com/p/ct/bridgeport/111-oakleaf-st-bridgeport-ct-06606--2005426200
545 Carroll Ave East End  Bridgeport  CT,2 583 sqft,$285000,1424,,,https://www.trulia.com/p/ct/bridgeport/545-carroll-ave-bridgeport-ct-06607--2005442650
51 Elm Ct North End  Bridgeport  CT,1 287 sqft,$289000,1443,,,https://www.trulia.com/p/ct/bridgeport/51-elm-ct-bridgeport-ct-06606--2005436692
66 Oakview Cir #101 Hollow  Bridgeport  CT,833 sqft,$220000,1445,,,https://www.trulia.com/p/ct/bridgeport/66-oakview-cir-101-bridgeport-ct-06604--2005418617
66 Oakview Cir #101 Hollow  Bridgeport  CT,833 sqft,$220000,1445,,,https://www.trulia.com/p/ct/bridgeport/66-oakview-cir-101-bridgeport-ct-06604--2005418617
365 Chamberlain Ave Resevoir  Bridgeport  CT,1 447 sqft,$290000,1447,,,https://www.trulia.com/p/ct/bridgeport/365-chamberlain-ave-bridgeport-ct-06606--2005434146
176 King St Black Rock  Bridgeport  CT,1 080 sqft,$289900,1447,,,https://www.trulia.com/p/ct/bridgeport/176-king-st-bridgeport-ct-06605--1061565214
150 Harmony St North End  Bridgeport  CT,1 312 sqft,$289900,1447,,,https://www.trulia.com/p/ct/bridgeport/150-harmony-st-bridgeport-ct-06606--2005428130
150 Harmony St North End  Bridgeport  CT,1 312 sqft,$289900,1447,,,https://www.trulia.com/p/ct/bridgeport/150-harmony-st-bridgeport-ct-06606--2005428130
74 Roger Williams Rd Bridgeport  CT,1 152 sqft,$289900,1447,,,https://www.trulia.com/p/ct/bridgeport/74-roger-williams-rd-bridgeport-ct-06610--2005451919
151 Leonard Dr North End  Bridgeport  CT,1 104 sqft,$289900,1447,,,https://www.trulia.com/p/ct/bridgeport/151-leonard-dr-bridgeport-ct-06606--2005428177
281 Lincoln Ave Brooklawn/ St. Vincent's  Bridgeport  CT,3 197 sqft,$290000,1447,,,https://www.trulia.com/p/ct/bridgeport/281-lincoln-ave-bridgeport-ct-06606--2005431915
64 Beachview Ave Black Rock  Bridgeport  CT,2 208 sqft,$289900,1447,,,https://www.trulia.com/p/ct/bridgeport/64-beachview-ave-bridgeport-ct-06605--2005424183
264 Lexington Ave Hollow  Bridgeport  CT,2 369 sqft,$290000,1447,,,https://www.trulia.com/p/ct/bridgeport/264-lexington-ave-bridgeport-ct-06604--1007127689
79 Seltsam Rd Resevoir  Bridgeport  CT,1 492 sqft,$289900,1447,,,https://www.trulia.com/p/ct/bridgeport/79-seltsam-rd-bridgeport-ct-06606--2005439279
60 Renwick Pl Brooklawn/ St. Vincent's  Bridgeport  CT,1 116 sqft,$289900,1447,,,https://www.trulia.com/p/ct/bridgeport/60-renwick-pl-bridgeport-ct-06604--2005418469
264 Lexington Ave Hollow  Bridgeport  CT,2 369 sqft,$290000,1447,,,https://www.trulia.com/p/ct/bridgeport/264-lexington-ave-bridgeport-ct-06604--1007127689
77 Shirley Dr Stratford  CT,1 224 sqft,$289900,1447,,,https://www.trulia.com/p/ct/stratford/77-shirley-dr-stratford-ct-06614--2005482996
365 Chamberlain Ave Resevoir  Bridgeport  CT,1 447 sqft,$290000,1447,,,https://www.trulia.com/p/ct/bridgeport/365-chamberlain-ave-bridgeport-ct-06606--2005434146
176 King St Black Rock  Bridgeport  CT,1 080 sqft,$289900,1447,,,https://www.trulia.com/p/ct/bridgeport/176-king-st-bridgeport-ct-06605--1061565214
150 Harmony St North End  Bridgeport  CT,1 312 sqft,$289900,1447,,,https://www.trulia.com/p/ct/bridgeport/150-harmony-st-bridgeport-ct-06606--2005428130
765 Birmingham St North End  Bridgeport  CT,1 094 sqft,$295000,1471,,,https://www.trulia.com/p/ct/bridgeport/765-birmingham-st-bridgeport-ct-06606--1064949075
51 Ameridge Dr #51 North End  Bridgeport  CT,1 268 sqft,$215000,1474,,,https://www.trulia.com/p/ct/bridgeport/51-ameridge-dr-51-bridgeport-ct-06606--2190887758
51 Ameridge Dr #51 North End  Bridgeport  CT,1 268 sqft,$215000,1474,,,https://www.trulia.com/p/ct/bridgeport/51-ameridge-dr-51-bridgeport-ct-06606--2190887758
51 Ameridge Dr #51 North End  Bridgeport  CT,1 268 sqft,$215000,1474,,,https://www.trulia.com/p/ct/bridgeport/51-ameridge-dr-51-bridgeport-ct-06606--2190887758
121 Denver Ave West Side/ West End  Bridgeport  CT,2 254 sqft,$297000,1481,,,https://www.trulia.com/p/ct/bridgeport/121-denver-ave-bridgeport-ct-06605--2005420360
485 Glendale Ave #1 North End  Bridgeport  CT,1 078 sqft,$215000,1487,,,https://www.trulia.com/p/ct/bridgeport/485-glendale-ave-1-bridgeport-ct-06606--2005436163
920 Platt St North End  Bridgeport  CT,1 352 sqft,$299000,1490,,,https://www.trulia.com/p/ct/bridgeport/920-platt-st-bridgeport-ct-06606--1045654709
24 McKinley Ave Brooklawn/ St. Vincent's  Bridgeport  CT,1 716 sqft,$299000,1490,,,https://www.trulia.com/p/ct/bridgeport/24-mckinley-ave-bridgeport-ct-06606--2005431092
2335 Madison Ave North End  Bridgeport  CT,1 360 sqft,$299000,1490,,,https://www.trulia.com/p/ct/bridgeport/2335-madison-ave-bridgeport-ct-06606--1062266077
119 Dewey St West Side/ West End  Bridgeport  CT,1 191 sqft,$299000,1490,,,https://www.trulia.com/p/ct/bridgeport/119-dewey-st-bridgeport-ct-06605--2005420292
57 Smith St East End  Bridgeport  CT,2 882 sqft,$299000,1490,,,https://www.trulia.com/p/ct/bridgeport/57-smith-st-bridgeport-ct-06607--2005442713
40 Lorraine St Brooklawn/ St. Vincent's  Bridgeport  CT,1 476 sqft,$299000,1490,,,https://www.trulia.com/p/ct/bridgeport/40-lorraine-st-bridgeport-ct-06604--1037113785
437 East Ave Mill Hill  Bridgeport  CT,1 512 sqft,$299000,1490,,,https://www.trulia.com/p/ct/bridgeport/437-east-ave-bridgeport-ct-06610--2005450729
57 Smith St East End  Bridgeport  CT,2 882 sqft,$299000,1490,,,https://www.trulia.com/p/ct/bridgeport/57-smith-st-bridgeport-ct-06607--2005442713
273 Hanover St West Side/ West End  Bridgeport  CT,2 920 sqft,$299900,1494,,,https://www.trulia.com/p/ct/bridgeport/273-hanover-st-bridgeport-ct-06605--2005422263
28 Jetland Pl Black Rock  Bridgeport  CT,811 sqft,$299900,1494,,,https://www.trulia.com/p/ct/bridgeport/28-jetland-pl-bridgeport-ct-06605--2005422383
141 Wordin Ave West Side/ West End  Bridgeport  CT,2 585 sqft,$299900,1494,,,https://www.trulia.com/p/ct/bridgeport/141-wordin-ave-bridgeport-ct-06605--2005420796
68 Dover St Mill Hill  Bridgeport  CT,2 539 sqft,$299900,1494,,,https://www.trulia.com/p/ct/bridgeport/68-dover-st-bridgeport-ct-06610--2005451679
28 Jetland Pl Black Rock  Bridgeport  CT,811 sqft,$299900,1494,,,https://www.trulia.com/p/ct/bridgeport/28-jetland-pl-bridgeport-ct-06605--2005422383
141 Wordin Ave West Side/ West End  Bridgeport  CT,2 585 sqft,$299900,1494,,,https://www.trulia.com/p/ct/bridgeport/141-wordin-ave-bridgeport-ct-06605--2005420796
266 Seaview Ave East End  Bridgeport  CT,3 497 sqft,$299999,1495,,,https://www.trulia.com/p/ct/bridgeport/266-seaview-ave-bridgeport-ct-06607--2005441957
266 Seaview Ave East End  Bridgeport  CT,3 497 sqft,$299999,1495,,,https://www.trulia.com/p/ct/bridgeport/266-seaview-ave-bridgeport-ct-06607--2005441957
266 Seaview Ave East End  Bridgeport  CT,3 497 sqft,$299999,1495,,,https://www.trulia.com/p/ct/bridgeport/266-seaview-ave-bridgeport-ct-06607--2005441957
3250 Fairfield Ave #229 Black Rock  Bridgeport  CT,1 145 sqft,$225900,1510,,,https://www.trulia.com/p/ct/bridgeport/3250-fairfield-ave-229-bridgeport-ct-06605--2005422704
21 Indian Field Rd North End  Bridgeport  CT,1 100 sqft,$304900,1518,,,https://www.trulia.com/p/ct/bridgeport/21-indian-field-rd-bridgeport-ct-06606--2005430404
66 Bankside St North End  Bridgeport  CT,1 416 sqft,$304999,1519,,,https://www.trulia.com/p/ct/bridgeport/66-bankside-st-bridgeport-ct-06606--2005438173
66 Bankside St North End  Bridgeport  CT,1 416 sqft,$304999,1519,,,https://www.trulia.com/p/ct/bridgeport/66-bankside-st-bridgeport-ct-06606--2005438173
3250 Fairfield Ave #134 Black Rock  Bridgeport  CT,1 145 sqft,$229000,1525,,,https://www.trulia.com/p/ct/bridgeport/3250-fairfield-ave-134-bridgeport-ct-06605--2005422674
38 Pearl Harbor Cir Mill Hill  Bridgeport  CT,1 924 sqft,$309000,1537,,,https://www.trulia.com/p/ct/bridgeport/38-pearl-harbor-cir-bridgeport-ct-06610--2005450402
752 Beechwood Ave West Side/ West End  Bridgeport  CT,1 718 sqft,$309000,1537,,,https://www.trulia.com/p/ct/bridgeport/752-beechwood-ave-bridgeport-ct-06605--2005424589
34 Seaver Cir North End  Bridgeport  CT,1 555 sqft,$309900,1542,,,https://www.trulia.com/p/ct/bridgeport/34-seaver-cir-bridgeport-ct-06606--2005433847
34 Seaver Cir North End  Bridgeport  CT,1 555 sqft,$309900,1542,,,https://www.trulia.com/p/ct/bridgeport/34-seaver-cir-bridgeport-ct-06606--2005433847
338 Pearl Harbor St Mill Hill  Bridgeport  CT,1 700 sqft,$310000,1543,,,https://www.trulia.com/p/ct/bridgeport/338-pearl-harbor-st-bridgeport-ct-06610--2005449983
246 Soundview Ave Resevoir  Bridgeport  CT,1 282 sqft,$315000,1566,,,https://www.trulia.com/p/ct/bridgeport/246-soundview-ave-bridgeport-ct-06606--1002904643
361 Gurdon St Brooklawn/ St. Vincent's  Bridgeport  CT,1 898 sqft,$315000,1566,,,https://www.trulia.com/p/ct/bridgeport/361-gurdon-st-bridgeport-ct-06606--2005434115
310 Douglas St Resevoir  Bridgeport  CT,1 512 sqft,$315000,1566,,,https://www.trulia.com/p/ct/bridgeport/310-douglas-st-bridgeport-ct-06606--2005432756
524 Beechmont Ave North End  Bridgeport  CT,1 104 sqft,$315000,1566,,,https://www.trulia.com/p/ct/bridgeport/524-beechmont-ave-bridgeport-ct-06606--2005436736
310 Douglas St Resevoir  Bridgeport  CT,1 512 sqft,$315000,1566,,,https://www.trulia.com/p/ct/bridgeport/310-douglas-st-bridgeport-ct-06606--2005432756
35 Hollywood Ave Resevoir  Bridgeport  CT,1 600 sqft,$319000,1585,,,https://www.trulia.com/p/ct/bridgeport/35-hollywood-ave-bridgeport-ct-06606--1063202192
84 Lorraine Ter Brooklawn/ St. Vincent's  Bridgeport  CT,1 802 sqft,$319000,1585,,,https://www.trulia.com/p/ct/bridgeport/84-lorraine-ter-bridgeport-ct-06604--2005419259
35 Hollywood Ave Resevoir  Bridgeport  CT,1 600 sqft,$319000,1585,,,https://www.trulia.com/p/ct/bridgeport/35-hollywood-ave-bridgeport-ct-06606--1063202192
5 Pierce Ave Brooklawn/ St. Vincent's  Bridgeport  CT,1 965 sqft,$319900,1589,,,https://www.trulia.com/p/ct/bridgeport/5-pierce-ave-bridgeport-ct-06604--2005418425
5 Pierce Ave Brooklawn/ St. Vincent's  Bridgeport  CT,1 965 sqft,$319900,1589,,,https://www.trulia.com/p/ct/bridgeport/5-pierce-ave-bridgeport-ct-06604--2005418425
638 Thorme St North End  Bridgeport  CT,1 768 sqft,$319900,1589,,,https://www.trulia.com/p/ct/bridgeport/638-thorme-st-bridgeport-ct-06606--1064551584
39 Woodmont Ave North End  Bridgeport  CT,1 488 sqft,$320000,1590,,,https://www.trulia.com/p/ct/bridgeport/39-woodmont-ave-bridgeport-ct-06606--2005434860
583 Vincellette St #583 North End  Bridgeport  CT,1 082 sqft,$250000,1604,,,https://www.trulia.com/p/ct/bridgeport/583-vincellette-st-583-bridgeport-ct-06606--2190891149
583 Vincellette St #583 North End  Bridgeport  CT,1 082 sqft,$250000,1604,,,https://www.trulia.com/p/ct/bridgeport/583-vincellette-st-583-bridgeport-ct-06606--2190891149
425 Seltsam Rd Resevoir  Bridgeport  CT,1 926 sqft,$324900,1613,,,https://www.trulia.com/p/ct/bridgeport/425-seltsam-rd-bridgeport-ct-06606--2005435310
425 Seltsam Rd Resevoir  Bridgeport  CT,1 926 sqft,$324900,1613,,,https://www.trulia.com/p/ct/bridgeport/425-seltsam-rd-bridgeport-ct-06606--2005435310
589 Beechwood Ave West Side/ West End  Bridgeport  CT,3 460 sqft,$325000,1613,,,https://www.trulia.com/p/ct/bridgeport/589-beechwood-ave-bridgeport-ct-06604--2005418367
1738 Stratford Ave East End  Bridgeport  CT,3 864 sqft,$325000,1613,,,https://www.trulia.com/p/ct/bridgeport/1738-stratford-ave-bridgeport-ct-06607--2005441448
465 Putnam St Bridgeport  CT,2 981 sqft,$325000,1613,,,https://www.trulia.com/p/ct/bridgeport/465-putnam-st-bridgeport-ct-06608--2005444975
197 Stillman St Bridgeport  CT,2 751 sqft,$325000,1613,,,https://www.trulia.com/p/ct/bridgeport/197-stillman-st-bridgeport-ct-06608--2005444037
96 6th St East End  Bridgeport  CT,5 506 sqft,$325000,1613,,,https://www.trulia.com/p/ct/bridgeport/96-6th-st-bridgeport-ct-06607--2005443230
179 4th St East End  Bridgeport  CT,3 580 sqft,$325000,1613,,,https://www.trulia.com/p/ct/bridgeport/179-4th-st-bridgeport-ct-06607--2005441483
425 Seltsam Rd Resevoir  Bridgeport  CT,1 926 sqft,$324900,1613,,,https://www.trulia.com/p/ct/bridgeport/425-seltsam-rd-bridgeport-ct-06606--2005435310
2612 North Ave #D7 Brooklawn/ St. Vincent's  Bridgeport  CT,1 410 sqft,$245000,1618,,,https://www.trulia.com/p/ct/bridgeport/2612-north-ave-d7-bridgeport-ct-06604--2005415929
2612 North Ave #D7 Brooklawn/ St. Vincent's  Bridgeport  CT,1 410 sqft,$245000,1618,,,https://www.trulia.com/p/ct/bridgeport/2612-north-ave-d7-bridgeport-ct-06604--2005415929
43 Burr Ct Black Rock  Bridgeport  CT,1 647 sqft,$329000,1632,,,https://www.trulia.com/p/ct/bridgeport/43-burr-ct-bridgeport-ct-06605--1005320368
69 Weber Ave Mill Hill  Bridgeport  CT,1 202 sqft,$329900,1636,,,https://www.trulia.com/p/ct/bridgeport/69-weber-ave-bridgeport-ct-06610--2005451715
69 Weber Ave Mill Hill  Bridgeport  CT,1 202 sqft,$329900,1636,,,https://www.trulia.com/p/ct/bridgeport/69-weber-ave-bridgeport-ct-06610--2005451715
1855 Chopsey Hill Rd North End  Bridgeport  CT,1 152 sqft,$330000,1637,,,https://www.trulia.com/p/ct/bridgeport/1855-chopsey-hill-rd-bridgeport-ct-06606--2005429299
278 Vincellette St North End  Bridgeport  CT,1 260 sqft,$330000,1637,,,https://www.trulia.com/p/ct/bridgeport/278-vincellette-st-bridgeport-ct-06606--2005431818
1051 Maplewood Ave West Side/ West End  Bridgeport  CT,2 986 sqft,$330000,1637,,,https://www.trulia.com/p/ct/bridgeport/1051-maplewood-ave-bridgeport-ct-06605--2005419898
1715 Old Town Rd North End  Bridgeport  CT,1 767 sqft,$330000,1637,,,https://www.trulia.com/p/ct/bridgeport/1715-old-town-rd-bridgeport-ct-06606--2005428920
168 Savoy St North End  Bridgeport  CT,2 385 sqft,$330000,1637,,,https://www.trulia.com/p/ct/bridgeport/168-savoy-st-bridgeport-ct-06606--1007128042
1715 Old Town Rd North End  Bridgeport  CT,1 767 sqft,$330000,1637,,,https://www.trulia.com/p/ct/bridgeport/1715-old-town-rd-bridgeport-ct-06606--2005428920
1855 Chopsey Hill Rd North End  Bridgeport  CT,1 152 sqft,$330000,1637,,,https://www.trulia.com/p/ct/bridgeport/1855-chopsey-hill-rd-bridgeport-ct-06606--2005429299
180 Pope St Fairfield  CT,1 075 sqft,$335000,1660,,,https://www.trulia.com/p/ct/fairfield/180-pope-st-fairfield-ct-06825--2005686679
58 Fairview Ave Brooklawn/ St. Vincent's  Bridgeport  CT,1 526 sqft,$334900,1660,,,https://www.trulia.com/p/ct/bridgeport/58-fairview-ave-bridgeport-ct-06606--2005437413
295 Pequonnock St Hollow  Bridgeport  CT,2 868 sqft,$335500,1663,,,https://www.trulia.com/p/ct/bridgeport/295-pequonnock-st-bridgeport-ct-06604--2122592426
295 Pequonnock St Hollow  Bridgeport  CT,2 868 sqft,$335500,1663,,,https://www.trulia.com/p/ct/bridgeport/295-pequonnock-st-bridgeport-ct-06604--2122592426
157 Garfield Ave Brooklawn/ St. Vincent's  Bridgeport  CT,2 168 sqft,$339000,1680,,,https://www.trulia.com/p/ct/bridgeport/157-garfield-ave-bridgeport-ct-06606--2005428384
157 Garfield Ave Brooklawn/ St. Vincent's  Bridgeport  CT,2 168 sqft,$339000,1680,,,https://www.trulia.com/p/ct/bridgeport/157-garfield-ave-bridgeport-ct-06606--2005428384
1343 Fairfield Ave West Side/ West End  Bridgeport  CT,4 167 sqft,$340000,1685,,,https://www.trulia.com/p/ct/bridgeport/1343-fairfield-ave-bridgeport-ct-06605--2005420634
210 Stratfield Pl North End  Bridgeport  CT,1 605 sqft,$340000,1685,,,https://www.trulia.com/p/ct/bridgeport/210-stratfield-pl-bridgeport-ct-06606--2005430156
210 Stratfield Pl North End  Bridgeport  CT,1 605 sqft,$340000,1685,,,https://www.trulia.com/p/ct/bridgeport/210-stratfield-pl-bridgeport-ct-06606--2005430156
85 Albemarle St North End  Bridgeport  CT,2 286 sqft,$345000,1708,,,https://www.trulia.com/p/ct/bridgeport/85-albemarle-st-bridgeport-ct-06606--2005439709
95 Edgewood St Stratford  CT,2 407 sqft,$345000,1708,,,https://www.trulia.com/p/ct/stratford/95-edgewood-st-stratford-ct-06615--2005492168
85 Albemarle St North End  Bridgeport  CT,2 286 sqft,$345000,1708,,,https://www.trulia.com/p/ct/bridgeport/85-albemarle-st-bridgeport-ct-06606--2005439709
162 Orchard St Bridgeport  CT,3 123 sqft,$349000,1727,,,https://www.trulia.com/p/ct/bridgeport/162-orchard-st-bridgeport-ct-06608--2005443932
162 Orchard St Bridgeport  CT,3 123 sqft,$349000,1727,,,https://www.trulia.com/p/ct/bridgeport/162-orchard-st-bridgeport-ct-06608--2005443932
53 Fremont St West Side/ West End  Bridgeport  CT,3 749 sqft,$349000,1727,,,https://www.trulia.com/p/ct/bridgeport/53-fremont-st-bridgeport-ct-06605--2005423810
1162 Noble Ave Bridgeport  CT,2 625 sqft,$349000,1727,,,https://www.trulia.com/p/ct/bridgeport/1162-noble-ave-bridgeport-ct-06608--2005443524
53 Fremont St West Side/ West End  Bridgeport  CT,3 749 sqft,$349000,1727,,,https://www.trulia.com/p/ct/bridgeport/53-fremont-st-bridgeport-ct-06605--2005423810
78 Manhattan Ave Brooklawn/ St. Vincent's  Bridgeport  CT,1 337 sqft,$349500,1729,,,https://www.trulia.com/p/ct/bridgeport/78-manhattan-ave-bridgeport-ct-06606--1003139516
35 Jillijam Pl North End  Bridgeport  CT,1 532 sqft,$349900,1732,,,https://www.trulia.com/p/ct/bridgeport/35-jillijam-pl-bridgeport-ct-06606--2005434020
495 Silver St Bridgeport  CT,1 404 sqft,$349900,1732,,,https://www.trulia.com/p/ct/bridgeport/495-silver-st-bridgeport-ct-06610--2005450968
75 Pavlik Pl Bridgeport  CT,1 196 sqft,$349900,1732,,,https://www.trulia.com/p/ct/bridgeport/75-pavlik-pl-bridgeport-ct-06610--2005451964
908 Pearl Harbor St Mill Hill  Bridgeport  CT,1 700 sqft,$349900,1732,,,https://www.trulia.com/p/ct/bridgeport/908-pearl-harbor-st-bridgeport-ct-06610--2005452334
Address Not Disclosed Bridgeport  CT,2 328 sqft,$349900,1732,,,https://www.trulia.com/p/ct/bridgeport/address-not-disclosed-bridgeport-ct-06610--2005450852
584 Kossuth St Bridgeport  CT,2 716 sqft,$349900,1732,,,https://www.trulia.com/p/ct/bridgeport/584-kossuth-st-bridgeport-ct-06608--2005445318
140 Edna Ave Bridgeport  CT,2 554 sqft,$350000,1732,,,https://www.trulia.com/p/ct/bridgeport/140-edna-ave-bridgeport-ct-06610--2005447341
535 Park St Bridgeport  CT,2 938 sqft,$350000,1732,,,https://www.trulia.com/p/ct/bridgeport/535-park-st-bridgeport-ct-06608--1009908643
708 Noble Ave Bridgeport  CT,2 840 sqft,$350000,1732,,,https://www.trulia.com/p/ct/bridgeport/708-noble-ave-bridgeport-ct-06608--1002671396
117 Lewis St West Side/ West End  Bridgeport  CT,784 sqft,$350000,1732,,,https://www.trulia.com/p/ct/bridgeport/117-lewis-st-bridgeport-ct-06605--2005420254
140 Edna Ave Bridgeport  CT,2 554 sqft,$350000,1732,,,https://www.trulia.com/p/ct/bridgeport/140-edna-ave-bridgeport-ct-06610--2005447341
247 Olive St Hollow  Bridgeport  CT,2 528 sqft,$349900,1732,,,https://www.trulia.com/p/ct/bridgeport/247-olive-st-bridgeport-ct-06604--1062386963
2056 Main St Hollow  Bridgeport  CT,3 391 sqft,$349900,1732,,,https://www.trulia.com/p/ct/bridgeport/2056-main-st-bridgeport-ct-06604--1061953586
247 Olive St Hollow  Bridgeport  CT,2 528 sqft,$349900,1732,,,https://www.trulia.com/p/ct/bridgeport/247-olive-st-bridgeport-ct-06604--1062386963
35 Jillijam Pl North End  Bridgeport  CT,1 532 sqft,$349900,1732,,,https://www.trulia.com/p/ct/bridgeport/35-jillijam-pl-bridgeport-ct-06606--2005434020
310 Castle Dr Stratford  CT,1 379 sqft,$355000,1756,,,https://www.trulia.com/p/ct/stratford/310-castle-dr-stratford-ct-06614--2005477075
15 Briarfield Dr Stratford  CT,1 549 sqft,$358500,1772,,,https://www.trulia.com/p/ct/stratford/15-briarfield-dr-stratford-ct-06614--2005472866
63 Laurel Ave West Side/ West End  Bridgeport  CT,3 996 sqft,$359900,1779,,,https://www.trulia.com/p/ct/bridgeport/63-laurel-ave-bridgeport-ct-06605--2005424163
54 Asylum St Bridgeport  CT,1 792 sqft,$360000,1779,,,https://www.trulia.com/p/ct/bridgeport/54-asylum-st-bridgeport-ct-06610--1029069370
44 Wade St Brooklawn/ St. Vincent's  Bridgeport  CT,1 992 sqft,$360000,1779,,,https://www.trulia.com/p/ct/bridgeport/44-wade-st-bridgeport-ct-06604--2005417823
53 Laurel Ave West Side/ West End  Bridgeport  CT,3 924 sqft,$359900,1779,,,https://www.trulia.com/p/ct/bridgeport/53-laurel-ave-bridgeport-ct-06605--2005423812
1421 Kossuth St Bridgeport  CT,2 783 sqft,$359900,1779,,,https://www.trulia.com/p/ct/bridgeport/1421-kossuth-st-bridgeport-ct-06608--1061067344
93 Oxford St North End  Bridgeport  CT,1 836 sqft,$359888,1779,,,https://www.trulia.com/p/ct/bridgeport/93-oxford-st-bridgeport-ct-06606--1065384372
550 Amsterdam Ave North End  Bridgeport  CT,1 492 sqft,$364000,1798,,,https://www.trulia.com/p/ct/bridgeport/550-amsterdam-ave-bridgeport-ct-06606--2005437011
29 Jetland Pl Black Rock  Bridgeport  CT,1 584 sqft,$365000,1803,,,https://www.trulia.com/p/ct/bridgeport/29-jetland-pl-bridgeport-ct-06605--2005422458
39 Moffitt St Resevoir  Bridgeport  CT,2 624 sqft,$365000,1803,,,https://www.trulia.com/p/ct/bridgeport/39-moffitt-st-bridgeport-ct-06606--2005434840
585 Woodside Ave North End  Bridgeport  CT,1 787 sqft,$365000,1803,,,https://www.trulia.com/p/ct/bridgeport/585-woodside-ave-bridgeport-ct-06606--1007167559
585 Woodside Ave North End  Bridgeport  CT,1 787 sqft,$365000,1803,,,https://www.trulia.com/p/ct/bridgeport/585-woodside-ave-bridgeport-ct-06606--1007167559
365 Platt St Resevoir  Bridgeport  CT,1 728 sqft,$369000,1822,,,https://www.trulia.com/p/ct/bridgeport/365-platt-st-bridgeport-ct-06606--2005434166
365 Platt St Resevoir  Bridgeport  CT,1 728 sqft,$369000,1822,,,https://www.trulia.com/p/ct/bridgeport/365-platt-st-bridgeport-ct-06606--2005434166
407 Benham Ave Hollow  Bridgeport  CT,2 652 sqft,$369000,1822,,,https://www.trulia.com/p/ct/bridgeport/407-benham-ave-bridgeport-ct-06604--2005417611
407 Benham Ave Hollow  Bridgeport  CT,2 652 sqft,$369000,1822,,,https://www.trulia.com/p/ct/bridgeport/407-benham-ave-bridgeport-ct-06604--2005417611
243 Garfield Ave Brooklawn/ St. Vincent's  Bridgeport  CT,2 240 sqft,$369500,1824,,,https://www.trulia.com/p/ct/bridgeport/243-garfield-ave-bridgeport-ct-06606--1062355460
577 Birmingham St North End  Bridgeport  CT,1 480 sqft,$369900,1826,,,https://www.trulia.com/p/ct/bridgeport/577-birmingham-st-bridgeport-ct-06606--2005437312
124 Bronx Ave Brooklawn/ St. Vincent's  Bridgeport  CT,3 312 sqft,$369900,1826,,,https://www.trulia.com/p/ct/bridgeport/124-bronx-ave-bridgeport-ct-06606--2005426908
577 Birmingham St North End  Bridgeport  CT,1 480 sqft,$369900,1826,,,https://www.trulia.com/p/ct/bridgeport/577-birmingham-st-bridgeport-ct-06606--2005437312
124 Bronx Ave Brooklawn/ St. Vincent's  Bridgeport  CT,3 312 sqft,$369900,1826,,,https://www.trulia.com/p/ct/bridgeport/124-bronx-ave-bridgeport-ct-06606--2005426908
2675 Park Ave #7 Brooklawn/ St. Vincent's  Bridgeport  CT,2 289 sqft,$269000,1828,,,https://www.trulia.com/p/ct/bridgeport/2675-park-ave-7-bridgeport-ct-06604--2005416321
2675 Park Ave #7 Brooklawn/ St. Vincent's  Bridgeport  CT,2 289 sqft,$269000,1828,,,https://www.trulia.com/p/ct/bridgeport/2675-park-ave-7-bridgeport-ct-06604--2005416321
162 Griffin Ave North End  Bridgeport  CT,1 900 sqft,$370000,1834,,,https://www.trulia.com/p/ct/bridgeport/162-griffin-ave-bridgeport-ct-06606--2005428621
36 Frank St Hollow  Bridgeport  CT,2 902 sqft,$375000,1850,,,https://www.trulia.com/p/ct/bridgeport/36-frank-st-bridgeport-ct-06604--2005417371
36 Frank St Hollow  Bridgeport  CT,2 902 sqft,$375000,1850,,,https://www.trulia.com/p/ct/bridgeport/36-frank-st-bridgeport-ct-06604--2005417371
779 Fairview Ave Brooklawn/ St. Vincent's  Bridgeport  CT,1 441 sqft,$379000,1869,,,https://www.trulia.com/p/ct/bridgeport/779-fairview-ave-bridgeport-ct-06606--2005439126
779 Fairview Ave Brooklawn/ St. Vincent's  Bridgeport  CT,1 441 sqft,$379000,1869,,,https://www.trulia.com/p/ct/bridgeport/779-fairview-ave-bridgeport-ct-06606--2005439126
1266 Park Ave Hollow  Bridgeport  CT,2 922 sqft,$379999,1873,,,https://www.trulia.com/p/ct/bridgeport/1266-park-ave-bridgeport-ct-06604--2005413259
48 Benham Ave West Side/ West End  Bridgeport  CT,3 657 sqft,$379900,1873,,,https://www.trulia.com/p/ct/bridgeport/48-benham-ave-bridgeport-ct-06605--2005423621
125 Park St Bridgeport  CT,3 071 sqft,$380000,1874,,,https://www.trulia.com/p/ct/bridgeport/125-park-st-bridgeport-ct-06608--2005443636
219 Orchard St Bridgeport  CT,3 439 sqft,$384900,1896,,,https://www.trulia.com/p/ct/bridgeport/219-orchard-st-bridgeport-ct-06608--2005444136
38 York St Bridgeport  CT,2 809 sqft,$385000,1898,,,https://www.trulia.com/p/ct/bridgeport/38-york-st-bridgeport-ct-06610--2005450413
839 Westfield Ave Brooklawn/ St. Vincent's  Bridgeport  CT,2 179 sqft,$389000,1916,,,https://www.trulia.com/p/ct/bridgeport/839-westfield-ave-bridgeport-ct-06606--2005439576
71 Hazelwood Ave West Side/ West End  Bridgeport  CT,2 686 sqft,$389000,1916,,,https://www.trulia.com/p/ct/bridgeport/71-hazelwood-ave-bridgeport-ct-06605--2005424491
71 Hazelwood Ave West Side/ West End  Bridgeport  CT,2 686 sqft,$389000,1916,,,https://www.trulia.com/p/ct/bridgeport/71-hazelwood-ave-bridgeport-ct-06605--2005424491
422 High Ridge Dr Brooklawn/ St. Vincent's  Bridgeport  CT,1 900 sqft,$389900,1921,,,https://www.trulia.com/p/ct/bridgeport/422-high-ridge-dr-bridgeport-ct-06606--2005435265
954 Kossuth St Bridgeport  CT,3 903 sqft,$390000,1921,,,https://www.trulia.com/p/ct/bridgeport/954-kossuth-st-bridgeport-ct-06608--2005446128
168 Beechwood Ave West Side/ West End  Bridgeport  CT,2 874 sqft,$389900,1921,,,https://www.trulia.com/p/ct/bridgeport/168-beechwood-ave-bridgeport-ct-06604--2005414214
205 Eaton St Brooklawn/ St. Vincent's  Bridgeport  CT,3 250 sqft,$390000,1921,,,https://www.trulia.com/p/ct/bridgeport/205-eaton-st-bridgeport-ct-06604--2005414771
314 Midland St Black Rock  Bridgeport  CT,1 459 sqft,$395000,1945,,,https://www.trulia.com/p/ct/bridgeport/314-midland-st-bridgeport-ct-06605--1004254041
68 Amsterdam Ave Brooklawn/ St. Vincent's  Bridgeport  CT,2 123 sqft,$394900,1945,,,https://www.trulia.com/p/ct/bridgeport/68-amsterdam-ave-bridgeport-ct-06606--2005438313
136 Benham Ave West Side/ West End  Bridgeport  CT,3 284 sqft,$398618,1962,,,https://www.trulia.com/p/ct/bridgeport/136-benham-ave-bridgeport-ct-06605--2005420680
136 Benham Ave West Side/ West End  Bridgeport  CT,3 284 sqft,$398618,1962,,,https://www.trulia.com/p/ct/bridgeport/136-benham-ave-bridgeport-ct-06605--2005420680
367 Bishop Ave East End  Bridgeport  CT,2 880 sqft,$399000,1964,,,https://www.trulia.com/p/ct/bridgeport/367-bishop-ave-bridgeport-ct-06610--2005450241
223 Hawley Ave Brooklawn/ St. Vincent's  Bridgeport  CT,3 275 sqft,$399000,1964,,,https://www.trulia.com/p/ct/bridgeport/223-hawley-ave-bridgeport-ct-06606--2005430479
367 Bishop Ave East End  Bridgeport  CT,2 880 sqft,$399000,1964,,,https://www.trulia.com/p/ct/bridgeport/367-bishop-ave-bridgeport-ct-06610--2005450241
70 Hawthorne St Bridgeport  CT,3 984 sqft,$399900,1968,,,https://www.trulia.com/p/ct/bridgeport/70-hawthorne-st-bridgeport-ct-06610--2005451769
92 Harmony St North End  Bridgeport  CT,1 805 sqft,$399900,1968,,,https://www.trulia.com/p/ct/bridgeport/92-harmony-st-bridgeport-ct-06606--2005440162
755 Ogden St Bridgeport  CT,4 659 sqft,$399900,1968,,,https://www.trulia.com/p/ct/bridgeport/755-ogden-st-bridgeport-ct-06608--2005445798
2455 North Ave #1 Brooklawn/ St. Vincent's  Bridgeport  CT,3 482 sqft,$399900,1968,,,https://www.trulia.com/p/ct/bridgeport/2455-north-ave-1-bridgeport-ct-06604--2541905417
231 Hough Ave Bridgeport  CT,2 414 sqft,$399900,1968,,,https://www.trulia.com/p/ct/bridgeport/231-hough-ave-bridgeport-ct-06608--2005444196
2455 North Ave #1 Brooklawn/ St. Vincent's  Bridgeport  CT,3 482 sqft,$399900,1968,,,https://www.trulia.com/p/ct/bridgeport/2455-north-ave-1-bridgeport-ct-06604--2541905417
161 Brion Dr Fairfield  CT,1 664 sqft,$400000,1968,,,https://www.trulia.com/p/ct/fairfield/161-brion-dr-fairfield-ct-06825--2005686264
1170 Park Ave Hollow  Bridgeport  CT,3 221 sqft,$399900,1968,,,https://www.trulia.com/p/ct/bridgeport/1170-park-ave-bridgeport-ct-06604--2005413030
70 Hawthorne St Bridgeport  CT,3 984 sqft,$399900,1968,,,https://www.trulia.com/p/ct/bridgeport/70-hawthorne-st-bridgeport-ct-06610--2005451769
30 Laurel Ct West Side/ West End  Bridgeport  CT,7 644 sqft,$405000,1992,,,https://www.trulia.com/p/ct/bridgeport/30-laurel-ct-bridgeport-ct-06605--2005422553
187 Greenfield Dr Brooklawn/ St. Vincent's  Bridgeport  CT,1 506 sqft,$405000,1992,,,https://www.trulia.com/p/ct/bridgeport/187-greenfield-dr-bridgeport-ct-06606--2005429377
187 Greenfield Dr Brooklawn/ St. Vincent's  Bridgeport  CT,1 506 sqft,$405000,1992,,,https://www.trulia.com/p/ct/bridgeport/187-greenfield-dr-bridgeport-ct-06606--2005429377
519 Laurel Ave West Side/ West End  Bridgeport  CT,4 587 sqft,$409000,2011,,,https://www.trulia.com/p/ct/bridgeport/519-laurel-ave-bridgeport-ct-06605--1006346129
175 Val Dr Stratford  CT,2 720 sqft,$409000,2011,,,https://www.trulia.com/p/ct/stratford/175-val-dr-stratford-ct-06614--2005473682
519 Laurel Ave West Side/ West End  Bridgeport  CT,4 587 sqft,$409000,2011,,,https://www.trulia.com/p/ct/bridgeport/519-laurel-ave-bridgeport-ct-06605--1006346129
37 Derby Pl Stratford  CT,2 246 sqft,$410000,2015,,,https://www.trulia.com/p/ct/stratford/37-derby-pl-stratford-ct-06614--2005478291
195 Lakeside Dr North End  Bridgeport  CT,1 456 sqft,$410000,2030,,,https://www.trulia.com/p/ct/bridgeport/195-lakeside-dr-bridgeport-ct-06606--1061810253
95 Wilson St Black Rock  Bridgeport  CT,2 354 sqft,$415000,2039,,,https://www.trulia.com/p/ct/bridgeport/95-wilson-st-bridgeport-ct-06605--1002146295
319 Horace St Bridgeport  CT,2 401 sqft,$419500,2061,,,https://www.trulia.com/p/ct/bridgeport/319-horace-st-bridgeport-ct-06610--2005449808
460 Woodlawn Avenue Ext Resevoir  Bridgeport  CT,2 000 sqft,$419900,2062,,,https://www.trulia.com/p/ct/bridgeport/460-woodlawn-avenue-ext-bridgeport-ct-06606--2005435851
460 Woodlawn Avenue Ext Resevoir  Bridgeport  CT,2 000 sqft,$419900,2062,,,https://www.trulia.com/p/ct/bridgeport/460-woodlawn-avenue-ext-bridgeport-ct-06606--2005435851
601 Wood Ave West Side/ West End  Bridgeport  CT,3 537 sqft,$419900,2062,,,https://www.trulia.com/p/ct/bridgeport/601-wood-ave-bridgeport-ct-06604--2005418439
601 Wood Ave West Side/ West End  Bridgeport  CT,3 537 sqft,$419900,2062,,,https://www.trulia.com/p/ct/bridgeport/601-wood-ave-bridgeport-ct-06604--2005418439
460 Woodlawn Avenue Ext Resevoir  Bridgeport  CT,2 000 sqft,$419900,2062,,,https://www.trulia.com/p/ct/bridgeport/460-woodlawn-avenue-ext-bridgeport-ct-06606--2005435851
550 Brooks St Bridgeport  CT,3 382 sqft,$420000,2064,,,https://www.trulia.com/p/ct/bridgeport/550-brooks-st-bridgeport-ct-06608--2005445219
1015 Reservoir Ave Resevoir  Bridgeport  CT,2 000 sqft,$420000,2064,,,https://www.trulia.com/p/ct/bridgeport/1015-reservoir-ave-bridgeport-ct-06606--2545952256
1005 Reservoir Ave Resevoir  Bridgeport  CT,2 000 sqft,$425000,2087,,,https://www.trulia.com/p/ct/bridgeport/1005-reservoir-ave-bridgeport-ct-06606--2005425325
1478 North Ave Brooklawn/ St. Vincent's  Bridgeport  CT,3 053 sqft,$425000,2087,,,https://www.trulia.com/p/ct/bridgeport/1478-north-ave-bridgeport-ct-06604--1008512420
841 Hancock Ave West Side/ West End  Bridgeport  CT,3 128 sqft,$425000,2087,,,https://www.trulia.com/p/ct/bridgeport/841-hancock-ave-bridgeport-ct-06605--2005424874
180 Milne St Hollow  Bridgeport  CT,2 308 sqft,$425000,2087,,,https://www.trulia.com/p/ct/bridgeport/180-milne-st-bridgeport-ct-06604--1061611887
180 Milne St Hollow  Bridgeport  CT,2 308 sqft,$425000,2087,,,https://www.trulia.com/p/ct/bridgeport/180-milne-st-bridgeport-ct-06604--1061611887
400 Priscilla St Bridgeport  CT,2 350 sqft,$429000,2105,,,https://www.trulia.com/p/ct/bridgeport/400-priscilla-st-bridgeport-ct-06610--2005450502
1150 Hancock Ave West Side/ West End  Bridgeport  CT,2 688 sqft,$429000,2105,,,https://www.trulia.com/p/ct/bridgeport/1150-hancock-ave-bridgeport-ct-06605--2005420188
44 Worth St Hollow  Bridgeport  CT,7 722 sqft,$435000,2134,,,https://www.trulia.com/p/ct/bridgeport/44-worth-st-bridgeport-ct-06604--1063700648
44 Worth St Hollow  Bridgeport  CT,7 722 sqft,$435000,2134,,,https://www.trulia.com/p/ct/bridgeport/44-worth-st-bridgeport-ct-06604--1063700648
152 Longfellow Ave #152 Fairfield  CT,2 298 sqft,$379500,2134,,,https://www.trulia.com/p/ct/fairfield/152-longfellow-ave-152-fairfield-ct-06825--2190892725
643 Pearl Harbor St Mill Hill  Bridgeport  CT,2 926 sqft,$437500,2145,,,https://www.trulia.com/p/ct/bridgeport/643-pearl-harbor-st-bridgeport-ct-06610--2005451535
136 Beechwood Ave West Side/ West End  Bridgeport  CT,4 136 sqft,$439000,2153,,,https://www.trulia.com/p/ct/bridgeport/136-beechwood-ave-bridgeport-ct-06604--2005413484
810 Grand St Hollow  Bridgeport  CT,3 193 sqft,$439000,2153,,,https://www.trulia.com/p/ct/bridgeport/810-grand-st-bridgeport-ct-06604--2005419130
231 Wayne St Brooklawn/ St. Vincent's  Bridgeport  CT,2 962 sqft,$439000,2153,,,https://www.trulia.com/p/ct/bridgeport/231-wayne-st-bridgeport-ct-06606--2005430670
231 Wayne St Brooklawn/ St. Vincent's  Bridgeport  CT,2 962 sqft,$439000,2153,,,https://www.trulia.com/p/ct/bridgeport/231-wayne-st-bridgeport-ct-06606--2005430670
655 Tunxis Hill Rd Fairfield  CT,1 507 sqft,$439500,2155,,,https://www.trulia.com/p/ct/fairfield/655-tunxis-hill-rd-fairfield-ct-06825--2005690824
116 Paugusett Cir #116 Trumbull  CT,1 400 sqft,$364900,2177,,,https://www.trulia.com/p/ct/trumbull/116-paugusett-cir-116-trumbull-ct-06611--2190897672
193 Beechwood Ave West Side/ West End  Bridgeport  CT,3 709 sqft,$445000,2181,,,https://www.trulia.com/p/ct/bridgeport/193-beechwood-ave-bridgeport-ct-06604--2005414573
193 Beechwood Ave West Side/ West End  Bridgeport  CT,3 709 sqft,$445000,2181,,,https://www.trulia.com/p/ct/bridgeport/193-beechwood-ave-bridgeport-ct-06604--2005414573
115 Cleveland Ave Brooklawn/ St. Vincent's  Bridgeport  CT,3 041 sqft,$445000,2181,,,https://www.trulia.com/p/ct/bridgeport/115-cleveland-ave-bridgeport-ct-06606--2005426382
20 Walker Rd Trumbull  CT,1 842 sqft,$445000,2181,,,https://www.trulia.com/p/ct/trumbull/20-walker-rd-trumbull-ct-06611--1061876536
115 Cleveland Ave Brooklawn/ St. Vincent's  Bridgeport  CT,3 041 sqft,$445000,2181,,,https://www.trulia.com/p/ct/bridgeport/115-cleveland-ave-bridgeport-ct-06606--2005426382
110 Grenelle St North End  Bridgeport  CT,2 034 sqft,$449000,2201,,,https://www.trulia.com/p/ct/bridgeport/110-grenelle-st-bridgeport-ct-06606--2005426123
938 Connecticut Ave East End  Bridgeport  CT,3 344 sqft,$449000,2201,,,https://www.trulia.com/p/ct/bridgeport/938-connecticut-ave-bridgeport-ct-06607--2124833877
938 Connecticut Ave East End  Bridgeport  CT,3 344 sqft,$449000,2201,,,https://www.trulia.com/p/ct/bridgeport/938-connecticut-ave-bridgeport-ct-06607--2124833877
11 Anton Cir North End  Bridgeport  CT,1 837 sqft,$449900,2204,,,https://www.trulia.com/p/ct/bridgeport/11-anton-cir-bridgeport-ct-06606--2005426628
419 Lynne Pl Bridgeport  CT,2 074 sqft,$449900,2204,,,https://www.trulia.com/p/ct/bridgeport/419-lynne-pl-bridgeport-ct-06610--2005450615
985 Evers Street Ext Bridgeport  CT,2 013 sqft,$449900,2204,,,https://www.trulia.com/p/ct/bridgeport/985-evers-street-ext-bridgeport-ct-06610--2005452498
2076 Boston Ave Mill Hill  Bridgeport  CT,3 914 sqft,$449900,2204,,,https://www.trulia.com/p/ct/bridgeport/2076-boston-ave-bridgeport-ct-06610--2005448627
91 James St Hollow  Bridgeport  CT,5 480 sqft,$450000,2205,,,https://www.trulia.com/p/ct/bridgeport/91-james-st-bridgeport-ct-06604--2005419555
334 Norman St West Side/ West End  Bridgeport  CT,4 446 sqft,$450000,2205,,,https://www.trulia.com/p/ct/bridgeport/334-norman-st-bridgeport-ct-06605--2005422806
1668 Stratford Ave East End  Bridgeport  CT,5 600 sqft,$450000,2205,,,https://www.trulia.com/p/ct/bridgeport/1668-stratford-ave-bridgeport-ct-06607--2005441391
1847 Huntington Tpke Trumbull  CT,2 741 sqft,$450000,2205,,,https://www.trulia.com/p/ct/trumbull/1847-huntington-tpke-trumbull-ct-06611--2005456110
1668 Stratford Ave East End  Bridgeport  CT,5 600 sqft,$450000,2205,,,https://www.trulia.com/p/ct/bridgeport/1668-stratford-ave-bridgeport-ct-06607--2005441391
910 Lakeside Dr North End  Bridgeport  CT,2 208 sqft,$450000,2213,,,https://www.trulia.com/p/ct/bridgeport/910-lakeside-dr-bridgeport-ct-06606--1011467600
910 Lakeside Dr North End  Bridgeport  CT,2 208 sqft,$450000,2213,,,https://www.trulia.com/p/ct/bridgeport/910-lakeside-dr-bridgeport-ct-06606--1011467600
3200 Park Ave #7F1 North End  Bridgeport  CT,2 355 sqft,$249900,2217,,,https://www.trulia.com/p/ct/bridgeport/3200-park-ave-7f1-bridgeport-ct-06604--2005416842
603 Wayne St North End  Bridgeport  CT,2 997 sqft,$459900,2252,,,https://www.trulia.com/p/ct/bridgeport/603-wayne-st-bridgeport-ct-06606--2005437600
603 Wayne St North End  Bridgeport  CT,2 997 sqft,$459900,2252,,,https://www.trulia.com/p/ct/bridgeport/603-wayne-st-bridgeport-ct-06606--2005437600
1074 Valley Rd Fairfield  CT,1 626 sqft,$459900,2252,,,https://www.trulia.com/p/ct/fairfield/1074-valley-rd-fairfield-ct-06825--2005684346
1769 Park Ave Brooklawn/ St. Vincent's  Bridgeport  CT,3 350 sqft,$460000,2253,,,https://www.trulia.com/p/ct/bridgeport/1769-park-ave-bridgeport-ct-06604--2005414348
1769 Park Ave Brooklawn/ St. Vincent's  Bridgeport  CT,3 350 sqft,$460000,2253,,,https://www.trulia.com/p/ct/bridgeport/1769-park-ave-bridgeport-ct-06604--2005414348
351 Cambridge St North End  Bridgeport  CT,1 600 sqft,$465000,2276,,,https://www.trulia.com/p/ct/bridgeport/351-cambridge-st-bridgeport-ct-06606--2005433879
587 Capitol Ave Brooklawn/ St. Vincent's  Bridgeport  CT,3 839 sqft,$469000,2295,,,https://www.trulia.com/p/ct/bridgeport/587-capitol-ave-bridgeport-ct-06606--2005437390
587 Capitol Ave Brooklawn/ St. Vincent's  Bridgeport  CT,3 839 sqft,$469000,2295,,,https://www.trulia.com/p/ct/bridgeport/587-capitol-ave-bridgeport-ct-06606--2005437390
180 Loftus Cir North End  Bridgeport  CT,2 861 sqft,$469000,2295,,,https://www.trulia.com/p/ct/bridgeport/180-loftus-cir-bridgeport-ct-06606--1061611703
180 Loftus Cir North End  Bridgeport  CT,2 861 sqft,$469000,2295,,,https://www.trulia.com/p/ct/bridgeport/180-loftus-cir-bridgeport-ct-06606--1061611703
36 Brooklawn Ave Brooklawn/ St. Vincent's  Bridgeport  CT,4 467 sqft,$475000,2324,,,https://www.trulia.com/p/ct/bridgeport/36-brooklawn-ave-bridgeport-ct-06604--2005417366
36 Brooklawn Ave Brooklawn/ St. Vincent's  Bridgeport  CT,4 467 sqft,$475000,2324,,,https://www.trulia.com/p/ct/bridgeport/36-brooklawn-ave-bridgeport-ct-06604--2005417366
100 Stoehrs Pl North End  Bridgeport  CT,2 332 sqft,$480000,2347,,,https://www.trulia.com/p/ct/bridgeport/100-stoehrs-pl-bridgeport-ct-06606--2005425389
48 Rocky Hill Rd Trumbull  CT,2 132 sqft,$488000,2385,,,https://www.trulia.com/p/ct/trumbull/48-rocky-hill-rd-trumbull-ct-06611--2005461798
520 Midland St Black Rock  Bridgeport  CT,2 506 sqft,$489000,2390,,,https://www.trulia.com/p/ct/bridgeport/520-midland-st-bridgeport-ct-06605--2005423753
520 Midland St Black Rock  Bridgeport  CT,2 506 sqft,$489000,2390,,,https://www.trulia.com/p/ct/bridgeport/520-midland-st-bridgeport-ct-06605--2005423753
35 Beachview Ave Black Rock  Bridgeport  CT,1 978 sqft,$495000,2418,,,https://www.trulia.com/p/ct/bridgeport/35-beachview-ave-bridgeport-ct-06605--1012194549
35 Beachview Ave Black Rock  Bridgeport  CT,1 978 sqft,$495000,2418,,,https://www.trulia.com/p/ct/bridgeport/35-beachview-ave-bridgeport-ct-06605--1012194549
363 Catherine St Hollow  Bridgeport  CT,3 681 sqft,$499000,2437,,,https://www.trulia.com/p/ct/bridgeport/363-catherine-st-bridgeport-ct-06604--1063287337
363 Catherine St Hollow  Bridgeport  CT,3 681 sqft,$499000,2437,,,https://www.trulia.com/p/ct/bridgeport/363-catherine-st-bridgeport-ct-06604--1063287337
115-117 Harborview Ave Black Rock  Bridgeport  CT,2 451 sqft,$499900,2441,,,https://www.trulia.com/p/ct/bridgeport/115-117-harborview-ave-bridgeport-ct-06605--2546618418
160 Wade St Brooklawn/ St. Vincent's  Bridgeport  CT,3 150 sqft,$499900,2441,,,https://www.trulia.com/p/ct/bridgeport/160-wade-st-bridgeport-ct-06604--1011381416
1601 Huntington Tpke Trumbull  CT,1 976 sqft,$499900,2441,,,https://www.trulia.com/p/ct/trumbull/1601-huntington-tpke-trumbull-ct-06611--2005455475
564 Midland St Black Rock  Bridgeport  CT,4 828 sqft,$519000,2532,,,https://www.trulia.com/p/ct/bridgeport/564-midland-st-bridgeport-ct-06605--1064276155
564 Midland St Black Rock  Bridgeport  CT,4 828 sqft,$519000,2532,,,https://www.trulia.com/p/ct/bridgeport/564-midland-st-bridgeport-ct-06605--1064276155
454 Newfield Ave East End  Bridgeport  CT,7 698 sqft,$525000,2560,,,https://www.trulia.com/p/ct/bridgeport/454-newfield-ave-bridgeport-ct-06607--1016626347
101 Garfield Ave Brooklawn/ St. Vincent's  Bridgeport  CT,3 585 sqft,$529900,2583,,,https://www.trulia.com/p/ct/bridgeport/101-garfield-ave-bridgeport-ct-06606--2005425439
610 William St Bridgeport  CT,4 000 sqft,$530000,2583,,,https://www.trulia.com/p/ct/bridgeport/610-william-st-bridgeport-ct-06608--2005445413
101 Garfield Ave Brooklawn/ St. Vincent's  Bridgeport  CT,3 585 sqft,$529900,2583,,,https://www.trulia.com/p/ct/bridgeport/101-garfield-ave-bridgeport-ct-06606--2005425439
37 Seaview Ter Black Rock  Bridgeport  CT,3 196 sqft,$545000,2655,,,https://www.trulia.com/p/ct/bridgeport/37-seaview-ter-bridgeport-ct-06605--2005423106
37 Seaview Ter Black Rock  Bridgeport  CT,3 196 sqft,$545000,2655,,,https://www.trulia.com/p/ct/bridgeport/37-seaview-ter-bridgeport-ct-06605--2005423106
37 Seaview Ter Black Rock  Bridgeport  CT,3 196 sqft,$545000,2655,,,https://www.trulia.com/p/ct/bridgeport/37-seaview-ter-bridgeport-ct-06605--2005423106
4809 Madison Ave Trumbull  CT,3 467 sqft,$549500,2676,,,https://www.trulia.com/p/ct/trumbull/4809-madison-ave-trumbull-ct-06611--2005461704
150 Seabright Ave Black Rock  Bridgeport  CT,1 059 sqft,$559900,2725,,,https://www.trulia.com/p/ct/bridgeport/150-seabright-ave-bridgeport-ct-06605--2005420946
150 Seabright Ave Black Rock  Bridgeport  CT,1 059 sqft,$559900,2725,,,https://www.trulia.com/p/ct/bridgeport/150-seabright-ave-bridgeport-ct-06605--2005420946
150 Seabright Ave Black Rock  Bridgeport  CT,1 059 sqft,$559900,2725,,,https://www.trulia.com/p/ct/bridgeport/150-seabright-ave-bridgeport-ct-06605--2005420946
11 Century Dr Trumbull  CT,3 038 sqft,$469900,2740,,,https://www.trulia.com/p/ct/trumbull/11-century-dr-trumbull-ct-06611--2005453615
24 Marne Ave Fairfield  CT,1 956 sqft,$575000,2796,,,https://www.trulia.com/p/ct/fairfield/24-marne-ave-fairfield-ct-06825--2005687810
6 Old Dike Rd Trumbull  CT,3 850 sqft,$589000,2863,,,https://www.trulia.com/p/ct/trumbull/6-old-dike-rd-trumbull-ct-06611--2005464164
100 Ellsworth St Black Rock  Bridgeport  CT,2 692 sqft,$595000,2892,,,https://www.trulia.com/p/ct/bridgeport/100-ellsworth-st-bridgeport-ct-06605--2005419748
100 Ellsworth St Black Rock  Bridgeport  CT,2 692 sqft,$595000,2892,,,https://www.trulia.com/p/ct/bridgeport/100-ellsworth-st-bridgeport-ct-06605--2005419748
66 Polk St Resevoir  Bridgeport  CT,2 985 sqft,$600000,2915,,,https://www.trulia.com/p/ct/bridgeport/66-polk-st-bridgeport-ct-06606--2005438202
66 Polk St Resevoir  Bridgeport  CT,2 985 sqft,$600000,2915,,,https://www.trulia.com/p/ct/bridgeport/66-polk-st-bridgeport-ct-06606--2005438202
155 Linley Dr Fairfield  CT,1 815 sqft,$629900,3057,,,https://www.trulia.com/p/ct/fairfield/155-linley-dr-fairfield-ct-06825--2005686008
42 Mulberry St Trumbull  CT,4 396 sqft,$639900,3104,,,https://www.trulia.com/p/ct/trumbull/42-mulberry-st-trumbull-ct-06611--1043944163
690 Clinton Ave West Side/ West End  Bridgeport  CT,7 813 sqft,$640000,3104,,,https://www.trulia.com/p/ct/bridgeport/690-clinton-ave-bridgeport-ct-06604--2005418669
120 Midland St Black Rock  Bridgeport  CT,2 300 sqft,$649000,3147,,,https://www.trulia.com/p/ct/bridgeport/120-midland-st-bridgeport-ct-06605--2005420338
1365 E Main St Bridgeport  CT,5 909 sqft,$649000,3147,,,https://www.trulia.com/p/ct/bridgeport/1365-e-main-st-bridgeport-ct-06608--2088482649
899 Hancock Ave West Side/ West End  Bridgeport  CT,5 600 sqft,$675000,3270,,,https://www.trulia.com/p/ct/bridgeport/899-hancock-ave-bridgeport-ct-06605--2005425016
145 Jackman Ave Fairfield  CT,3 035 sqft,$679500,3291,,,https://www.trulia.com/p/ct/fairfield/145-jackman-ave-fairfield-ct-06825--2005685711
300 Balmforth St Black Rock  Bridgeport  CT,3 187 sqft,$689000,3337,,,https://www.trulia.com/p/ct/bridgeport/300-balmforth-st-bridgeport-ct-06605--2005422484
47 Folino Dr North End  Bridgeport  CT,2 528 sqft,$689900,3341,,,https://www.trulia.com/p/ct/bridgeport/47-folino-dr-bridgeport-ct-06606--2005436106
47 Folino Dr North End  Bridgeport  CT,2 528 sqft,$689900,3341,,,https://www.trulia.com/p/ct/bridgeport/47-folino-dr-bridgeport-ct-06606--2005436106
220 Maplewood Ave West Side/ West End  Bridgeport  CT,6 090 sqft,$720000,3483,,,https://www.trulia.com/p/ct/bridgeport/220-maplewood-ave-bridgeport-ct-06605--2005421826
790 Fairfield Woods Rd Fairfield  CT,3 391 sqft,$725000,3507,,,https://www.trulia.com/p/ct/fairfield/790-fairfield-woods-rd-fairfield-ct-06825--1018833082
419 Davidson St Black Rock  Bridgeport  CT,3 153 sqft,$729000,3526,,,https://www.trulia.com/p/ct/bridgeport/419-davidson-st-bridgeport-ct-06605--1006024896
419 Davidson St Black Rock  Bridgeport  CT,3 153 sqft,$729000,3526,,,https://www.trulia.com/p/ct/bridgeport/419-davidson-st-bridgeport-ct-06605--1006024896
77 Wakeman Rd Fairfield  CT,1 904 sqft,$749000,3620,,,https://www.trulia.com/p/ct/fairfield/77-wakeman-rd-fairfield-ct-06824--2005682693
524 Riverside Dr Fairfield  CT,1 410 sqft,$779000,3762,,,https://www.trulia.com/p/ct/fairfield/524-riverside-dr-fairfield-ct-06824--2005680845
159 Tahmore Dr Fairfield  CT,2 937 sqft,$799000,3890,,,https://www.trulia.com/p/ct/fairfield/159-tahmore-dr-fairfield-ct-06825--2005686098
271 Sailors Ln Black Rock  Bridgeport  CT,4 569 sqft,$899500,4333,,,https://www.trulia.com/p/ct/bridgeport/271-sailors-ln-bridgeport-ct-06605--2005422252
271 Sailors Ln Black Rock  Bridgeport  CT,4 569 sqft,$899500,4333,,,https://www.trulia.com/p/ct/bridgeport/271-sailors-ln-bridgeport-ct-06605--2005422252
543 Old Post Rd Fairfield  CT,3 560 sqft,$1095000,5258,,,https://www.trulia.com/p/ct/fairfield/543-old-post-rd-fairfield-ct-06824--2005681004
28 Twisted Oak Cir Trumbull  CT,6 638 sqft,$1100000,5340,,,https://www.trulia.com/p/ct/trumbull/28-twisted-oak-cir-trumbull-ct-06611--2200389608
